time,open,high,low,close,amount,complete
2014-12-31 07:00:00,119.472,119.94,119.253,119.884,13163.0,True
2015-01-02 07:00:00,119.746,120.742,119.726,120.494,24090.0,True
2015-01-05 07:00:00,120.509,120.647,119.374,119.636,40813.0,True
2015-01-06 07:00:00,119.61,119.635,118.054,118.384,61074.0,True
2015-01-07 07:00:00,118.447,119.646,118.431,119.253,52882.0,True
2015-01-08 07:00:00,119.238,119.962,119.16,119.661,34393.0,True
2015-01-09 07:00:00,119.687,119.879,118.42,118.543,54277.0,True
2015-01-12 07:00:00,118.343,119.319,118.099,118.348,42064.0,True
2015-01-13 07:00:00,118.359,118.852,117.538,117.923,58017.0,True
2015-01-14 07:00:00,117.923,117.964,116.071,117.332,72968.0,True
2015-01-15 07:00:00,117.342,117.944,116.157,116.163,118038.0,True
2015-01-16 07:00:00,116.161,117.771,115.855,117.624,83282.0,True
2015-01-19 07:00:00,117.47,117.785,116.922,117.558,31738.0,True
2015-01-20 07:00:00,117.601,118.87,117.581,118.814,48669.0,True
2015-01-21 07:00:00,118.838,118.838,117.181,117.954,62297.0,True
2015-01-22 07:00:00,117.966,118.672,117.25,118.502,59978.0,True
2015-01-23 07:00:00,118.502,118.816,117.54,117.8,56402.0,True
2015-01-26 07:00:00,117.516,118.5,117.264,118.456,41435.0,True
2015-01-27 07:00:00,118.456,118.66,117.34,117.864,45778.0,True
2015-01-28 07:00:00,117.827,118.264,117.252,117.536,54288.0,True
2015-01-29 07:00:00,117.536,118.488,117.383,118.291,48739.0,True
2015-01-30 07:00:00,118.312,118.458,117.3,117.535,48271.0,True
2015-02-02 07:00:00,116.974,117.881,116.94,117.598,44761.0,True
2015-02-03 07:00:00,117.536,117.747,116.874,117.568,46363.0,True
2015-02-04 07:00:00,117.608,118.0,117.075,117.262,41842.0,True
2015-02-05 07:00:00,117.296,117.6,117.025,117.53,33930.0,True
2015-02-06 07:00:00,117.53,119.221,117.178,119.134,39290.0,True
2015-02-09 07:00:00,119.02,119.098,118.333,118.633,31775.0,True
2015-02-10 07:00:00,118.633,119.621,118.398,119.423,32437.0,True
2015-02-11 07:00:00,119.446,120.477,119.286,120.462,31682.0,True
2015-02-12 07:00:00,120.461,120.476,118.513,119.109,57160.0,True
2015-02-13 07:00:00,119.108,119.2,118.414,118.799,34850.0,True
2015-02-16 07:00:00,118.458,118.786,118.274,118.48,28226.0,True
2015-02-17 07:00:00,118.466,119.416,118.236,119.242,30093.0,True
2015-02-18 07:00:00,119.242,119.417,118.546,118.786,37112.0,True
2015-02-19 07:00:00,118.776,119.18,118.434,118.943,28449.0,True
2015-02-20 07:00:00,118.943,119.19,118.302,119.01,33358.0,True
2015-02-23 07:00:00,119.112,119.354,118.742,118.813,20096.0,True
2015-02-24 07:00:00,118.796,119.84,118.765,118.98,29984.0,True
2015-02-25 07:00:00,118.945,119.066,118.629,118.86,22785.0,True
2015-02-26 07:00:00,118.835,119.503,118.68,119.418,26391.0,True
2015-02-27 07:00:00,119.396,119.798,119.114,119.606,28266.0,True
2015-03-02 07:00:00,119.726,120.19,119.636,120.132,19580.0,True
2015-03-03 07:00:00,120.155,120.266,119.382,119.738,22178.0,True
2015-03-04 07:00:00,119.716,119.826,119.471,119.688,23304.0,True
2015-03-05 07:00:00,119.713,120.429,119.631,120.134,23926.0,True
2015-03-06 07:00:00,120.134,121.285,119.903,120.827,35912.0,True
2015-03-09 06:00:00,120.844,121.417,120.616,121.15,23141.0,True
2015-03-10 06:00:00,121.158,122.03,120.92,121.146,42354.0,True
2015-03-11 06:00:00,121.121,121.628,120.851,121.453,38344.0,True
2015-03-12 06:00:00,121.45,121.672,120.658,121.284,35543.0,True
2015-03-13 06:00:00,121.284,121.572,121.135,121.384,31056.0,True
2015-03-16 06:00:00,121.384,121.465,121.092,121.34,23290.0,True
2015-03-17 06:00:00,121.365,121.522,121.116,121.374,20717.0,True
2015-03-18 06:00:00,121.376,121.414,119.295,120.118,51295.0,True
2015-03-19 06:00:00,120.118,121.032,119.676,120.772,44801.0,True
2015-03-20 06:00:00,120.807,121.205,119.9,120.07,34548.0,True
2015-03-23 06:00:00,119.874,120.168,119.588,119.726,32554.0,True
2015-03-24 06:00:00,119.711,119.984,119.222,119.753,32037.0,True
2015-03-25 06:00:00,119.738,119.83,119.236,119.488,25922.0,True
2015-03-26 06:00:00,119.488,119.577,118.332,119.192,34431.0,True
2015-03-27 06:00:00,119.179,119.492,118.928,119.126,31660.0,True
2015-03-30 06:00:00,119.232,120.231,119.12,120.072,22766.0,True
2015-03-31 06:00:00,120.103,120.368,119.778,120.142,27599.0,True
2015-04-01 06:00:00,120.106,120.333,119.42,119.751,35908.0,True
2015-04-02 06:00:00,119.728,119.896,119.452,119.724,23335.0,True
2015-04-03 06:00:00,119.734,119.989,118.721,118.992,24067.0,True
2015-04-06 06:00:00,118.904,119.687,118.8,119.536,14450.0,True
2015-04-07 06:00:00,119.511,120.448,119.439,120.266,21711.0,True
2015-04-08 06:00:00,120.266,120.354,119.644,120.132,29287.0,True
2015-04-09 06:00:00,120.142,120.74,119.862,120.578,21658.0,True
2015-04-10 06:00:00,120.572,120.632,120.058,120.198,22270.0,True
2015-04-13 06:00:00,120.344,120.847,119.7,120.13,24543.0,True
2015-04-14 06:00:00,120.148,120.18,119.072,119.397,31096.0,True
2015-04-15 06:00:00,119.392,119.748,118.79,119.136,27661.0,True
2015-04-16 06:00:00,119.164,119.47,118.796,119.003,30544.0,True
2015-04-17 06:00:00,119.017,119.267,118.572,118.919,30830.0,True
2015-04-20 06:00:00,119.01,119.437,118.532,119.188,20907.0,True
2015-04-21 06:00:00,119.2,119.834,119.166,119.67,22395.0,True
2015-04-22 06:00:00,119.683,119.962,119.346,119.91,24830.0,True
2015-04-23 06:00:00,119.918,120.097,119.428,119.584,25369.0,True
2015-04-24 06:00:00,119.577,119.66,118.826,118.966,28251.0,True
2015-04-27 06:00:00,118.892,119.436,118.776,119.04,20998.0,True
2015-04-28 06:00:00,119.03,119.2,118.776,118.876,22769.0,True
2015-04-29 06:00:00,118.846,119.36,118.611,119.018,36816.0,True
2015-04-30 06:00:00,119.031,119.896,118.497,119.376,38990.0,True
2015-05-01 06:00:00,119.382,120.291,119.375,120.21,19767.0,True
2015-05-04 06:00:00,120.23,120.272,119.999,120.122,16098.0,True
2015-05-05 06:00:00,120.116,120.502,119.727,119.862,23385.0,True
2015-05-06 06:00:00,119.848,120.045,119.206,119.462,26929.0,True
2015-05-07 06:00:00,119.447,119.864,119.057,119.742,29431.0,True
2015-05-08 06:00:00,119.711,120.236,119.59,119.794,31295.0,True
2015-05-11 06:00:00,119.664,120.155,119.664,120.088,16810.0,True
2015-05-12 06:00:00,120.104,120.28,119.784,119.869,21673.0,True
2015-05-13 06:00:00,119.87,120.058,119.036,119.15,24446.0,True
2015-05-14 06:00:00,119.143,119.341,118.887,119.17,22532.0,True
2015-05-15 06:00:00,119.162,119.928,119.158,119.349,24786.0,True
2015-05-18 06:00:00,119.302,120.038,119.264,119.984,17391.0,True
2015-05-19 06:00:00,119.994,120.739,119.831,120.687,20155.0,True
2015-05-20 06:00:00,120.688,121.478,120.582,121.364,29793.0,True
2015-05-21 06:00:00,121.351,121.389,120.852,121.026,23135.0,True
2015-05-22 06:00:00,121.047,121.572,120.64,121.534,24107.0,True
2015-05-25 06:00:00,121.484,121.78,121.452,121.56,9431.0,True
2015-05-26 06:00:00,121.554,123.324,121.514,123.121,33586.0,True
2015-05-27 06:00:00,123.088,124.072,122.777,123.666,34099.0,True
2015-05-28 06:00:00,123.648,124.461,123.499,123.954,36714.0,True
2015-05-29 06:00:00,123.954,124.187,123.608,124.146,33544.0,True
2015-06-01 06:00:00,124.086,124.918,123.854,124.786,27381.0,True
2015-06-02 06:00:00,124.771,125.056,123.75,124.114,39663.0,True
2015-06-03 06:00:00,124.132,124.685,123.79,124.228,34151.0,True
2015-06-04 06:00:00,124.246,124.682,123.781,124.368,31911.0,True
2015-06-05 06:00:00,124.36,125.858,124.353,125.599,35653.0,True
2015-06-08 06:00:00,125.606,125.682,124.296,124.492,30859.0,True
2015-06-09 06:00:00,124.51,124.738,123.861,124.348,37578.0,True
2015-06-10 06:00:00,124.34,124.622,122.461,122.674,59622.0,True
2015-06-11 06:00:00,122.67,124.163,122.632,123.422,37688.0,True
2015-06-12 06:00:00,123.436,123.818,123.14,123.407,30313.0,True
2015-06-15 06:00:00,123.224,123.662,123.13,123.394,24657.0,True
2015-06-16 06:00:00,123.495,123.806,123.292,123.355,21198.0,True
2015-06-17 06:00:00,123.374,124.459,123.212,123.442,33508.0,True
2015-06-18 06:00:00,123.401,123.61,122.484,122.954,34004.0,True
2015-06-19 06:00:00,122.972,123.216,122.56,122.709,24071.0,True
2015-06-22 06:00:00,122.959,123.418,122.564,123.375,19572.0,True
2015-06-23 06:00:00,123.377,124.184,123.346,123.94,20149.0,True
2015-06-24 06:00:00,123.93,124.377,123.718,123.849,21127.0,True
2015-06-25 06:00:00,123.869,123.959,123.322,123.62,21536.0,True
2015-06-26 06:00:00,123.64,123.991,123.228,123.846,18653.0,True
2015-06-29 06:00:00,122.72,123.194,122.114,122.548,56397.0,True
2015-06-30 06:00:00,122.528,122.73,121.94,122.499,35473.0,True
2015-07-01 06:00:00,122.512,123.235,122.364,123.171,28305.0,True
2015-07-02 06:00:00,123.17,123.735,122.958,123.062,24506.0,True
2015-07-03 06:00:00,123.081,123.186,122.604,122.771,21878.0,True
2015-07-06 06:00:00,121.934,122.928,121.868,122.573,40004.0,True
2015-07-07 06:00:00,122.56,122.882,122.014,122.542,29822.0,True
2015-07-08 06:00:00,122.57,122.575,120.414,120.7,48671.0,True
2015-07-09 06:00:00,120.688,121.577,120.465,121.338,34239.0,True
2015-07-10 06:00:00,121.339,122.882,121.279,122.798,37116.0,True
2015-07-13 06:00:00,122.176,123.535,122.169,123.43,28870.0,True
2015-07-14 06:00:00,123.416,123.73,122.92,123.385,21029.0,True
2015-07-15 06:00:00,123.404,123.972,123.263,123.768,21915.0,True
2015-07-16 06:00:00,123.753,124.18,123.74,124.146,20896.0,True
2015-07-17 06:00:00,124.129,124.23,123.92,124.064,14180.0,True
2015-07-20 06:00:00,124.031,124.384,124.007,124.282,10169.0,True
2015-07-21 06:00:00,124.309,124.477,123.762,123.89,16695.0,True
2015-07-22 06:00:00,123.867,124.152,123.572,123.974,17725.0,True
2015-07-23 06:00:00,123.974,124.188,123.676,123.909,20208.0,True
2015-07-24 06:00:00,123.88,124.098,123.597,123.8,16762.0,True
2015-07-27 06:00:00,123.731,123.84,123.011,123.246,21504.0,True
2015-07-28 06:00:00,123.256,123.794,123.078,123.555,19482.0,True
2015-07-29 06:00:00,123.568,124.026,123.331,123.941,20800.0,True
2015-07-30 06:00:00,123.922,124.582,123.878,124.145,21163.0,True
2015-07-31 06:00:00,124.146,124.377,123.518,123.859,26092.0,True
2015-08-03 06:00:00,123.896,124.276,123.856,124.032,17593.0,True
2015-08-04 06:00:00,124.022,124.406,123.802,124.38,18115.0,True
2015-08-05 06:00:00,124.366,125.01,124.02,124.868,22192.0,True
2015-08-06 06:00:00,124.855,124.965,124.542,124.74,17087.0,True
2015-08-07 06:00:00,124.722,125.066,124.102,124.222,23132.0,True
2015-08-10 06:00:00,124.16,124.784,124.148,124.627,15260.0,True
2015-08-11 06:00:00,124.57,125.208,124.522,125.124,26023.0,True
2015-08-12 06:00:00,125.151,125.282,123.791,124.21,33520.0,True
2015-08-13 06:00:00,124.218,124.63,124.07,124.432,22393.0,True
2015-08-14 06:00:00,124.434,124.536,124.056,124.333,17141.0,True
2015-08-17 06:00:00,124.292,124.574,124.222,124.388,14262.0,True
2015-08-18 06:00:00,124.386,124.516,124.186,124.41,14257.0,True
2015-08-19 06:00:00,124.397,124.47,123.69,123.801,23169.0,True
2015-08-20 06:00:00,123.792,124.158,123.33,123.404,24128.0,True
2015-08-21 06:00:00,123.414,123.5,121.818,122.031,41736.0,True
2015-08-24 06:00:00,121.902,122.036,116.165,118.429,151260.0,True
2015-08-25 06:00:00,118.403,120.398,118.253,118.866,114006.0,True
2015-08-26 06:00:00,118.866,120.018,118.452,119.902,96582.0,True
2015-08-27 06:00:00,119.946,121.401,119.792,121.032,63059.0,True
2015-08-28 06:00:00,121.033,121.756,120.65,121.73,41710.0,True
2015-08-29 06:00:00,121.73,121.73,121.715,121.715,2.0,True
2015-08-31 06:00:00,121.675,121.675,120.882,121.224,29140.0,True
2015-09-01 06:00:00,121.224,121.268,119.25,119.38,62566.0,True
2015-09-02 06:00:00,119.322,120.474,119.221,120.331,52311.0,True
2015-09-03 06:00:00,120.342,120.7,119.64,120.059,41972.0,True
2015-09-04 06:00:00,120.081,120.19,118.589,119.018,59799.0,True
2015-09-07 06:00:00,118.92,119.59,118.801,119.278,31902.0,True
2015-09-08 06:00:00,119.272,120.23,118.852,119.815,39704.0,True
2015-09-09 06:00:00,119.835,121.198,119.814,120.507,44759.0,True
2015-09-10 06:00:00,120.493,121.354,119.979,120.63,63340.0,True
2015-09-11 06:00:00,120.631,120.968,120.364,120.59,34055.0,True
2015-09-14 06:00:00,120.558,120.844,119.856,120.235,32072.0,True
2015-09-15 06:00:00,120.211,120.654,119.402,120.422,37566.0,True
2015-09-16 06:00:00,120.434,120.727,120.109,120.567,28227.0,True
2015-09-17 06:00:00,120.588,120.993,119.798,120.005,47578.0,True
2015-09-18 06:00:00,120.021,120.416,119.057,119.986,49255.0,True
2015-09-21 06:00:00,120.126,120.66,119.727,120.56,28027.0,True
2015-09-22 06:00:00,120.55,120.617,119.694,120.162,30375.0,True
2015-09-23 06:00:00,120.139,120.544,119.626,120.274,33693.0,True
2015-09-24 06:00:00,120.257,120.393,119.226,120.06,46157.0,True
2015-09-25 06:00:00,120.194,121.237,120.022,120.6,50777.0,True
2015-09-28 06:00:00,120.532,120.596,119.698,119.924,40946.0,True
2015-09-29 06:00:00,119.934,120.162,119.248,119.739,45373.0,True
2015-09-30 06:00:00,119.717,120.35,119.551,119.878,35043.0,True
2015-10-01 06:00:00,119.883,120.277,119.492,119.924,36798.0,True
2015-10-02 06:00:00,119.936,120.408,118.683,119.904,51404.0,True
2015-10-05 06:00:00,120.0,120.552,119.873,120.461,30172.0,True
2015-10-06 06:00:00,120.484,120.57,120.11,120.233,25384.0,True
2015-10-07 06:00:00,120.214,120.36,119.747,120.012,35396.0,True
2015-10-08 06:00:00,120.006,120.112,119.628,119.934,24305.0,True
2015-10-09 06:00:00,119.915,120.347,119.838,120.223,20905.0,True
2015-10-12 06:00:00,120.188,120.261,119.893,120.04,12615.0,True
2015-10-13 06:00:00,120.028,120.082,119.554,119.742,15054.0,True
2015-10-14 06:00:00,119.732,119.804,118.63,118.831,25328.0,True
2015-10-15 06:00:00,118.825,119.17,118.066,118.898,33765.0,True
2015-10-16 06:00:00,118.906,119.661,118.832,119.45,22998.0,True
2015-10-19 06:00:00,119.402,119.612,119.14,119.5,24911.0,True
2015-10-20 06:00:00,119.496,119.964,119.414,119.844,17085.0,True
2015-10-21 06:00:00,119.838,120.094,119.756,119.932,17718.0,True
2015-10-22 06:00:00,119.913,120.772,119.614,120.692,25448.0,True
2015-10-23 06:00:00,120.708,121.482,120.228,121.467,34015.0,True
2015-10-26 06:00:00,121.424,121.51,120.6,121.096,22994.0,True
2015-10-27 06:00:00,121.096,121.096,120.162,120.456,23674.0,True
2015-10-28 06:00:00,120.442,121.261,120.029,121.09,29663.0,True
2015-10-29 06:00:00,121.105,121.184,120.588,121.12,28038.0,True
2015-10-30 06:00:00,121.111,121.486,120.282,120.612,45721.0,True
2015-11-02 07:00:00,120.391,120.814,120.258,120.755,20500.0,True
2015-11-03 07:00:00,120.766,121.232,120.598,121.074,15470.0,True
2015-11-04 07:00:00,121.081,121.72,121.004,121.55,27275.0,True
2015-11-05 07:00:00,121.58,122.0,121.388,121.75,27092.0,True
2015-11-06 07:00:00,121.757,123.268,121.634,123.158,34907.0,True
2015-11-09 07:00:00,123.281,123.606,122.978,123.174,21790.0,True
2015-11-10 07:00:00,123.185,123.44,123.03,123.166,21816.0,True
2015-11-11 07:00:00,123.172,123.226,122.736,122.858,19371.0,True
2015-11-12 07:00:00,122.85,123.072,122.556,122.616,25461.0,True
2015-11-13 07:00:00,122.599,122.988,122.427,122.606,25914.0,True
2015-11-16 07:00:00,122.268,123.281,122.226,123.175,26243.0,True
2015-11-17 07:00:00,123.187,123.491,123.174,123.442,20484.0,True
2015-11-18 07:00:00,123.435,123.76,123.22,123.64,18828.0,True
2015-11-19 07:00:00,123.651,123.651,122.622,122.865,25037.0,True
2015-11-20 07:00:00,122.856,123.053,122.725,122.793,18293.0,True
2015-11-23 07:00:00,122.84,123.262,122.784,122.84,15593.0,True
2015-11-24 07:00:00,122.846,122.962,122.31,122.536,20046.0,True
2015-11-25 07:00:00,122.554,122.936,122.26,122.708,21898.0,True
2015-11-26 07:00:00,122.676,122.766,122.503,122.588,17894.0,True
2015-11-27 07:00:00,122.641,122.88,122.305,122.778,16209.0,True
2015-11-30 07:00:00,122.816,123.341,122.69,123.115,14493.0,True
2015-12-01 07:00:00,123.052,123.274,122.641,122.88,18965.0,True
2015-12-02 07:00:00,122.857,123.67,122.828,123.246,18099.0,True
2015-12-03 07:00:00,123.262,123.562,122.296,122.609,42333.0,True
2015-12-04 07:00:00,122.596,123.377,122.478,123.118,34033.0,True
2015-12-07 07:00:00,123.178,123.477,123.155,123.37,18490.0,True
2015-12-08 07:00:00,123.39,123.394,122.722,122.931,20625.0,True
2015-12-09 07:00:00,122.91,123.045,121.074,121.44,37101.0,True
2015-12-10 07:00:00,121.455,121.866,121.246,121.566,30303.0,True
2015-12-11 07:00:00,121.598,122.232,120.582,120.982,41432.0,True
2015-12-14 07:00:00,121.165,121.352,120.344,121.038,41519.0,True
2015-12-15 07:00:00,121.054,121.793,120.578,121.676,29267.0,True
2015-12-16 07:00:00,121.691,122.432,121.384,122.208,48842.0,True
2015-12-17 07:00:00,122.236,122.877,122.198,122.56,29109.0,True
2015-12-18 07:00:00,122.551,123.566,121.06,121.163,71043.0,True
2015-12-21 07:00:00,121.234,121.507,120.843,121.184,26327.0,True
2015-12-22 07:00:00,121.204,121.308,120.726,121.07,21017.0,True
2015-12-23 07:00:00,121.058,121.137,120.814,120.918,12937.0,True
2015-12-24 07:00:00,120.93,120.982,120.25,120.283,16225.0,True
2015-12-28 07:00:00,120.282,120.628,120.167,120.393,14329.0,True
2015-12-29 07:00:00,120.404,120.508,120.236,120.46,12195.0,True
2015-12-30 07:00:00,120.45,120.656,120.352,120.534,10635.0,True
2015-12-31 07:00:00,120.511,120.58,120.004,120.209,11604.0,True
2016-01-04 07:00:00,120.195,120.464,118.704,119.445,42744.0,True
2016-01-05 07:00:00,119.456,119.701,118.794,119.063,33404.0,True
2016-01-06 07:00:00,119.065,119.172,118.25,118.475,46689.0,True
2016-01-07 07:00:00,118.472,118.757,117.328,117.67,63402.0,True
2016-01-08 07:00:00,117.657,118.852,117.227,117.238,67876.0,True
2016-01-11 07:00:00,117.231,118.024,116.7,117.761,57592.0,True
2016-01-12 07:00:00,117.772,118.073,117.226,117.643,51312.0,True
2016-01-13 07:00:00,117.67,118.382,117.642,117.666,43982.0,True
2016-01-14 07:00:00,117.65,118.284,117.294,118.065,54370.0,True
2016-01-15 07:00:00,118.066,118.272,116.509,117.013,63671.0,True
2016-01-18 07:00:00,116.717,117.44,116.7,117.344,37774.0,True
2016-01-19 07:00:00,117.34,118.114,117.236,117.634,46022.0,True
2016-01-20 07:00:00,117.648,117.692,115.97,116.947,71092.0,True
2016-01-21 07:00:00,116.93,117.814,116.472,117.696,81774.0,True
2016-01-22 07:00:00,117.779,118.881,117.55,118.775,51449.0,True
2016-01-25 07:00:00,118.677,118.856,118.172,118.296,40845.0,True
2016-01-26 07:00:00,118.306,118.623,117.656,118.423,35859.0,True
2016-01-27 07:00:00,118.434,119.069,118.042,118.68,46561.0,True
2016-01-28 07:00:00,118.658,118.993,118.414,118.818,41985.0,True
2016-01-29 07:00:00,118.808,121.69,118.438,121.134,117096.0,True
2016-02-01 07:00:00,121.328,121.489,120.68,120.992,39782.0,True
2016-02-02 07:00:00,121.023,121.041,119.838,119.962,41389.0,True
2016-02-03 07:00:00,119.96,120.043,117.054,117.881,85297.0,True
2016-02-04 07:00:00,117.904,118.242,116.528,116.777,72748.0,True
2016-02-05 07:00:00,116.787,117.432,116.288,116.867,67628.0,True
2016-02-08 07:00:00,116.822,117.527,115.176,115.847,69433.0,True
2016-02-09 07:00:00,115.857,115.857,114.207,115.124,113530.0,True
2016-02-10 07:00:00,115.134,115.262,113.123,113.342,120600.0,True
2016-02-11 07:00:00,113.388,113.6,110.982,112.43,167276.0,True
2016-02-12 07:00:00,112.401,113.54,111.654,113.225,115379.0,True
2016-02-15 07:00:00,113.38,114.732,113.272,114.598,48284.0,True
2016-02-16 07:00:00,114.592,114.876,113.595,114.084,56515.0,True
2016-02-17 07:00:00,114.094,114.507,113.378,114.09,56007.0,True
2016-02-18 07:00:00,114.106,114.324,113.144,113.253,50802.0,True
2016-02-19 07:00:00,113.266,113.376,112.308,112.576,48980.0,True
2016-02-22 07:00:00,112.565,113.387,112.429,112.922,37104.0,True
2016-02-23 07:00:00,112.871,113.054,111.774,112.106,55488.0,True
2016-02-24 07:00:00,112.094,112.268,111.041,112.174,54770.0,True
2016-02-25 07:00:00,112.154,113.026,111.9,112.988,55335.0,True
2016-02-26 07:00:00,112.97,113.99,112.562,113.983,46274.0,True
2016-02-29 07:00:00,113.964,113.989,112.656,112.7,49539.0,True
2016-03-01 07:00:00,112.679,114.184,112.16,114.003,47667.0,True
2016-03-02 07:00:00,114.04,114.556,113.218,113.47,44016.0,True
2016-03-03 07:00:00,113.469,114.268,113.298,113.694,39209.0,True
2016-03-04 07:00:00,113.678,114.258,113.124,113.773,52571.0,True
2016-03-07 07:00:00,113.932,113.954,113.226,113.456,31372.0,True
2016-03-08 07:00:00,113.429,113.52,112.426,112.628,40693.0,True
2016-03-09 07:00:00,112.648,113.454,112.228,113.34,36021.0,True
2016-03-10 07:00:00,113.363,114.448,112.61,113.214,73072.0,True
2016-03-11 07:00:00,113.185,113.918,112.758,113.842,41832.0,True
2016-03-14 06:00:00,113.959,114.009,113.509,113.818,24280.0,True
2016-03-15 06:00:00,113.806,114.15,112.634,113.176,41783.0,True
2016-03-16 06:00:00,113.141,113.817,112.334,112.568,45992.0,True
2016-03-17 06:00:00,112.595,112.958,110.668,111.4,60393.0,True
2016-03-18 06:00:00,111.41,111.762,110.824,111.554,38235.0,True
2016-03-21 06:00:00,111.552,111.976,111.223,111.95,21911.0,True
2016-03-22 06:00:00,111.96,112.492,111.379,112.362,34992.0,True
2016-03-23 06:00:00,112.323,112.906,112.142,112.381,30229.0,True
2016-03-24 06:00:00,112.368,113.008,112.296,112.896,25035.0,True
2016-03-25 06:00:00,112.883,113.324,112.756,113.092,28169.0,True
2016-03-28 06:00:00,113.195,113.688,113.12,113.444,16198.0,True
2016-03-29 06:00:00,113.46,113.806,112.614,112.73,31738.0,True
2016-03-30 06:00:00,112.674,112.81,112.019,112.44,32595.0,True
2016-03-31 06:00:00,112.42,112.66,112.11,112.578,28640.0,True
2016-04-01 06:00:00,112.566,112.584,111.586,111.727,40324.0,True
2016-04-04 06:00:00,111.625,111.803,111.1,111.33,27973.0,True
2016-04-05 06:00:00,111.307,111.354,109.944,110.352,46527.0,True
2016-04-06 06:00:00,110.332,110.646,109.347,109.787,40659.0,True
2016-04-07 06:00:00,109.803,109.91,107.668,108.208,57652.0,True
2016-04-08 06:00:00,108.238,109.099,108.036,108.078,41987.0,True
2016-04-11 06:00:00,107.979,108.442,107.631,107.95,41636.0,True
2016-04-12 06:00:00,107.938,108.788,107.874,108.542,31860.0,True
2016-04-13 06:00:00,108.532,109.407,108.508,109.34,30754.0,True
2016-04-14 06:00:00,109.33,109.546,108.898,109.392,27942.0,True
2016-04-15 06:00:00,109.406,109.736,108.603,108.748,23018.0,True
2016-04-18 06:00:00,108.186,108.988,107.838,108.825,35748.0,True
2016-04-19 06:00:00,108.822,109.489,108.751,109.22,27447.0,True
2016-04-20 06:00:00,109.194,109.88,108.764,109.846,26864.0,True
2016-04-21 06:00:00,109.837,109.897,109.325,109.463,33129.0,True
2016-04-22 06:00:00,109.457,111.816,109.26,111.779,44274.0,True
2016-04-25 06:00:00,111.854,111.896,110.841,111.198,36083.0,True
2016-04-26 06:00:00,111.22,111.474,110.671,111.308,30041.0,True
2016-04-27 06:00:00,111.318,111.758,111.03,111.455,33125.0,True
2016-04-28 06:00:00,111.456,111.884,107.867,108.101,84185.0,True
2016-04-29 06:00:00,108.12,108.204,106.282,106.34,50819.0,True
2016-05-02 06:00:00,106.221,106.82,106.139,106.411,40829.0,True
2016-05-03 06:00:00,106.422,106.682,105.552,106.603,31630.0,True
2016-05-04 06:00:00,106.618,107.474,106.248,107.011,42955.0,True
2016-05-05 06:00:00,107.027,107.5,106.802,107.258,26652.0,True
2016-05-06 06:00:00,107.263,107.42,106.44,107.122,37543.0,True
2016-05-09 06:00:00,107.072,108.608,107.072,108.328,30222.0,True
2016-05-10 06:00:00,108.338,109.35,108.276,109.266,30471.0,True
2016-05-11 06:00:00,109.265,109.376,108.37,108.429,27631.0,True
2016-05-12 06:00:00,108.416,109.395,108.228,109.014,32799.0,True
2016-05-13 06:00:00,109.026,109.561,108.517,108.645,38764.0,True
2016-05-16 06:00:00,108.656,109.097,108.466,109.026,23039.0,True
2016-05-17 06:00:00,109.02,109.654,108.84,109.142,29551.0,True
2016-05-18 06:00:00,109.13,110.258,108.722,110.196,38295.0,True
2016-05-19 06:00:00,110.169,110.386,109.7,109.958,34272.0,True
2016-05-20 06:00:00,109.98,110.589,109.85,110.115,25247.0,True
2016-05-23 06:00:00,110.136,110.24,109.111,109.233,27477.0,True
2016-05-24 06:00:00,109.248,110.131,109.172,109.991,24242.0,True
2016-05-25 06:00:00,109.966,110.448,109.866,110.206,23795.0,True
2016-05-26 06:00:00,110.188,110.23,109.418,109.768,31228.0,True
2016-05-27 06:00:00,109.746,110.448,109.476,110.283,26381.0,True
2016-05-30 06:00:00,110.409,111.448,110.366,111.114,22535.0,True
2016-05-31 06:00:00,111.142,111.352,110.504,110.734,28321.0,True
2016-06-01 06:00:00,110.687,110.834,109.055,109.538,46797.0,True
2016-06-02 06:00:00,109.557,109.589,108.526,108.875,42460.0,True
2016-06-03 06:00:00,108.856,109.136,106.512,106.526,55858.0,True
2016-06-06 06:00:00,106.589,107.658,106.375,107.551,47141.0,True
2016-06-07 06:00:00,107.574,107.906,107.152,107.377,31928.0,True
2016-06-08 06:00:00,107.358,107.395,106.587,106.989,34193.0,True
2016-06-09 06:00:00,106.984,107.178,106.256,107.114,38984.0,True
2016-06-10 06:00:00,107.076,107.262,106.557,106.957,36482.0,True
2016-06-13 06:00:00,106.855,106.872,105.736,106.255,53274.0,True
2016-06-14 06:00:00,106.212,106.424,105.629,106.113,51053.0,True
2016-06-15 06:00:00,106.112,106.396,105.435,106.004,46426.0,True
2016-06-16 06:00:00,106.006,106.032,103.549,104.255,83772.0,True
2016-06-17 06:00:00,104.239,104.83,104.082,104.131,48859.0,True
2016-06-20 06:00:00,104.706,104.848,103.783,103.938,41507.0,True
2016-06-21 06:00:00,103.919,105.059,103.583,104.762,40750.0,True
2016-06-22 06:00:00,104.743,104.854,104.314,104.418,31655.0,True
2016-06-23 06:00:00,104.458,106.175,104.014,106.172,65001.0,True
2016-06-24 06:00:00,106.15,106.842,98.987,102.2,374674.0,True
2016-06-27 06:00:00,101.543,102.482,101.4,102.003,93399.0,True
2016-06-28 06:00:00,101.971,102.842,101.558,102.754,46297.0,True
2016-06-29 06:00:00,102.753,102.938,102.176,102.819,37981.0,True
2016-06-30 06:00:00,102.843,103.293,102.365,103.19,42870.0,True
2016-07-01 06:00:00,103.227,103.398,102.44,102.521,34416.0,True
2016-07-04 06:00:00,102.628,102.803,102.424,102.551,20203.0,True
2016-07-05 06:00:00,102.526,102.594,101.451,101.736,28867.0,True
2016-07-06 06:00:00,101.719,101.771,100.2,101.312,53012.0,True
2016-07-07 06:00:00,101.326,101.404,100.596,100.776,32278.0,True
2016-07-08 06:00:00,100.746,101.296,99.996,100.561,44593.0,True
2016-07-11 06:00:00,100.633,102.894,100.538,102.806,41366.0,True
2016-07-12 06:00:00,102.809,104.986,102.45,104.689,57025.0,True
2016-07-13 06:00:00,104.706,104.88,103.906,104.482,54789.0,True
2016-07-14 06:00:00,104.414,105.938,103.975,105.347,66797.0,True
2016-07-15 06:00:00,105.336,106.32,104.637,104.858,74749.0,True
2016-07-18 06:00:00,105.352,106.264,105.273,106.158,44022.0,True
2016-07-19 06:00:00,106.166,106.535,105.647,106.125,40182.0,True
2016-07-20 06:00:00,106.109,107.021,105.831,106.876,35182.0,True
2016-07-21 06:00:00,106.893,107.496,105.417,105.812,65933.0,True
2016-07-22 06:00:00,105.858,106.402,105.568,106.115,43699.0,True
2016-07-25 06:00:00,106.138,106.724,105.742,105.81,31465.0,True
2016-07-26 06:00:00,105.818,105.898,103.994,104.63,44114.0,True
2016-07-27 06:00:00,104.669,106.548,104.631,105.392,77496.0,True
2016-07-28 06:00:00,105.408,105.504,104.476,105.262,40914.0,True
2016-07-29 06:00:00,105.281,105.65,101.972,102.068,169652.0,True
2016-08-01 06:00:00,102.331,102.687,102.005,102.393,36218.0,True
2016-08-02 06:00:00,102.422,102.832,100.68,100.89,45052.0,True
2016-08-03 06:00:00,100.878,101.572,100.75,101.24,35516.0,True
2016-08-04 06:00:00,101.222,101.668,100.865,101.223,30252.0,True
2016-08-05 06:00:00,101.21,102.065,100.876,101.82,28078.0,True
2016-08-08 06:00:00,101.994,102.656,101.872,102.451,23241.0,True
2016-08-09 06:00:00,102.405,102.532,101.79,101.882,16753.0,True
2016-08-10 06:00:00,101.871,101.958,100.969,101.284,27937.0,True
2016-08-11 06:00:00,101.27,102.056,101.026,101.964,19588.0,True
2016-08-12 06:00:00,101.968,102.27,100.832,101.303,31788.0,True
2016-08-15 06:00:00,101.185,101.454,100.872,101.253,22873.0,True
2016-08-16 06:00:00,101.266,101.292,99.544,100.308,41414.0,True
2016-08-17 06:00:00,100.283,101.168,100.039,100.269,39048.0,True
2016-08-18 06:00:00,100.258,100.511,99.647,99.882,46317.0,True
2016-08-19 06:00:00,99.896,100.462,99.876,100.22,30965.0,True
2016-08-22 06:00:00,100.782,100.934,100.214,100.324,32920.0,True
2016-08-23 06:00:00,100.315,100.393,99.942,100.243,26069.0,True
2016-08-24 06:00:00,100.25,100.61,100.096,100.45,22340.0,True
2016-08-25 06:00:00,100.443,100.62,100.306,100.532,17224.0,True
2016-08-26 06:00:00,100.545,101.948,100.064,101.826,41923.0,True
2016-08-29 06:00:00,102.08,102.394,101.838,101.919,26518.0,True
2016-08-30 06:00:00,101.926,103.138,101.754,102.965,27823.0,True
2016-08-31 06:00:00,102.98,103.532,102.859,103.422,27340.0,True
2016-09-01 06:00:00,103.442,103.998,103.063,103.231,30765.0,True
2016-09-02 06:00:00,103.246,104.322,102.804,103.942,47690.0,True
2016-09-05 06:00:00,104.101,104.138,103.148,103.435,29887.0,True
2016-09-06 06:00:00,103.416,103.807,101.93,102.02,37742.0,True
2016-09-07 06:00:00,102.048,102.134,101.198,101.742,37576.0,True
2016-09-08 06:00:00,101.734,102.601,101.415,102.486,35239.0,True
2016-09-09 06:00:00,102.43,103.06,101.966,102.695,40184.0,True
2016-09-12 06:00:00,102.576,102.67,101.561,101.842,42616.0,True
2016-09-13 06:00:00,101.858,102.748,101.42,102.553,41674.0,True
2016-09-14 06:00:00,102.587,103.358,102.25,102.428,40877.0,True
2016-09-15 06:00:00,102.416,102.76,101.936,102.088,40499.0,True
2016-09-16 06:00:00,102.057,102.464,101.74,102.258,35283.0,True
2016-09-19 06:00:00,102.15,102.42,101.582,101.92,23550.0,True
2016-09-20 06:00:00,101.908,102.063,101.536,101.716,25787.0,True
2016-09-21 06:00:00,101.694,102.786,100.303,100.325,111800.0,True
2016-09-22 06:00:00,100.335,100.931,100.097,100.764,32119.0,True
2016-09-23 06:00:00,100.75,101.25,100.678,101.0,30331.0,True
2016-09-26 06:00:00,101.027,101.091,100.248,100.336,26596.0,True
2016-09-27 06:00:00,100.314,100.986,100.085,100.43,37036.0,True
2016-09-28 06:00:00,100.416,100.819,100.26,100.69,27030.0,True
2016-09-29 06:00:00,100.676,101.842,100.654,101.041,38869.0,True
2016-09-30 06:00:00,101.022,101.784,100.749,101.353,38858.0,True
2016-10-03 06:00:00,101.233,101.682,101.188,101.65,24947.0,True
2016-10-04 06:00:00,101.639,102.968,101.574,102.904,35560.0,True
2016-10-05 06:00:00,102.883,103.67,102.67,103.496,28762.0,True
2016-10-06 06:00:00,103.529,104.164,103.349,103.955,24704.0,True
2016-10-07 06:00:00,103.984,104.032,102.86,102.908,53519.0,True
2016-10-10 06:00:00,103.298,103.79,102.81,103.613,21792.0,True
2016-10-11 06:00:00,103.643,104.074,103.174,103.512,31361.0,True
2016-10-12 06:00:00,103.496,104.482,103.282,104.206,32219.0,True
2016-10-13 06:00:00,104.262,104.634,103.336,103.697,41093.0,True
2016-10-14 06:00:00,103.696,104.478,103.611,104.166,37413.0,True
2016-10-17 06:00:00,104.359,104.378,103.788,103.884,27988.0,True
2016-10-18 06:00:00,103.898,104.202,103.682,103.862,22578.0,True
2016-10-19 06:00:00,103.849,103.95,103.166,103.448,22237.0,True
2016-10-20 06:00:00,103.458,104.106,103.344,103.954,25845.0,True
2016-10-21 06:00:00,103.946,104.205,103.523,103.832,22180.0,True
2016-10-24 06:00:00,103.838,104.322,103.722,104.182,19171.0,True
2016-10-25 06:00:00,104.146,104.874,104.114,104.224,24583.0,True
2016-10-26 06:00:00,104.232,104.62,104.023,104.478,25842.0,True
2016-10-27 06:00:00,104.46,105.35,104.296,105.284,26286.0,True
2016-10-28 06:00:00,105.276,105.534,104.46,104.724,39408.0,True
2016-10-31 06:00:00,104.435,105.231,104.42,104.824,28165.0,True
2016-11-01 06:00:00,104.835,105.117,103.799,104.152,39368.0,True
2016-11-02 06:00:00,104.14,104.166,103.02,103.306,49741.0,True
2016-11-03 06:00:00,103.307,103.443,102.547,102.978,43429.0,True
2016-11-04 06:00:00,102.999,103.354,102.834,103.126,38552.0,True
2016-11-07 07:00:00,104.101,104.63,103.779,104.476,39150.0,True
2016-11-08 07:00:00,104.462,105.194,104.297,105.176,31252.0,True
2016-11-09 07:00:00,105.178,105.89,101.193,105.658,291027.0,True
2016-11-10 07:00:00,105.685,106.949,104.96,106.816,98205.0,True
2016-11-11 07:00:00,106.796,106.934,106.032,106.683,71674.0,True
2016-11-14 07:00:00,106.882,108.543,106.736,108.423,76997.0,True
2016-11-15 07:00:00,108.408,109.338,107.77,109.196,64009.0,True
2016-11-16 07:00:00,109.184,109.757,108.793,109.076,55851.0,True
2016-11-17 07:00:00,109.085,110.187,108.552,110.137,68663.0,True
2016-11-18 07:00:00,110.16,110.954,109.802,110.911,71148.0,True
2016-11-21 07:00:00,110.904,111.366,110.459,110.83,79666.0,True
2016-11-22 07:00:00,110.795,111.358,110.268,111.152,71547.0,True
2016-11-23 07:00:00,111.156,112.978,110.855,112.526,55554.0,True
2016-11-24 07:00:00,112.539,113.534,112.372,113.328,52518.0,True
2016-11-25 07:00:00,113.324,113.9,112.556,113.253,80158.0,True
2016-11-28 07:00:00,112.816,112.976,111.36,111.922,79207.0,True
2016-11-29 07:00:00,111.964,113.34,111.62,112.39,64601.0,True
2016-11-30 07:00:00,112.376,114.544,112.058,114.462,82558.0,True
2016-12-01 07:00:00,114.428,114.826,113.83,114.096,79086.0,True
2016-12-02 07:00:00,114.122,114.207,113.33,113.515,63334.0,True
2016-12-05 07:00:00,113.32,114.777,112.876,113.852,83060.0,True
2016-12-06 07:00:00,113.841,114.188,113.504,114.018,40754.0,True
2016-12-07 07:00:00,114.029,114.404,113.416,113.76,36128.0,True
2016-12-08 07:00:00,113.805,114.378,113.12,114.03,68932.0,True
2016-12-09 07:00:00,114.03,115.368,114.012,115.32,47730.0,True
2016-12-12 07:00:00,115.408,116.124,114.856,115.024,54436.0,True
2016-12-13 07:00:00,115.014,115.477,114.737,115.188,48692.0,True
2016-12-14 07:00:00,115.18,117.398,114.772,117.043,71470.0,True
2016-12-15 07:00:00,117.056,118.666,117.015,118.18,94662.0,True
2016-12-16 07:00:00,118.207,118.428,117.467,117.913,63354.0,True
2016-12-19 07:00:00,117.964,117.966,116.55,117.097,60781.0,True
2016-12-20 07:00:00,117.098,118.244,116.988,117.864,51742.0,True
2016-12-21 07:00:00,117.868,118.07,117.109,117.557,39423.0,True
2016-12-22 07:00:00,117.546,117.88,117.27,117.54,31512.0,True
2016-12-23 07:00:00,117.535,117.623,117.173,117.333,20251.0,True
2016-12-27 07:00:00,117.091,117.62,117.091,117.42,23464.0,True
2016-12-28 07:00:00,117.438,117.814,117.056,117.261,25824.0,True
2016-12-29 07:00:00,117.14,117.216,116.232,116.536,44420.0,True
2016-12-30 07:00:00,116.571,117.198,116.048,117.017,68410.0,True
