time,open,high,low,close,25mean,target
2015-02-05 07:00:00,117.296,117.6,117.025,117.53,118.14516000000003,0
2015-02-06 07:00:00,117.53,119.221,117.178,119.134,118.09076000000003,0
2015-02-09 07:00:00,119.02,119.098,118.333,118.633,118.05064000000002,0
2015-02-10 07:00:00,118.633,119.62100000000001,118.398,119.42299999999999,118.0922,1
2015-02-11 07:00:00,119.446,120.477,119.286,120.462,118.14056000000001,1
2015-02-12 07:00:00,120.461,120.476,118.51299999999999,119.109,118.11848,0
2015-02-13 07:00:00,119.10799999999999,119.2,118.414,118.79899999999999,118.12871999999999,1
2015-02-16 07:00:00,118.458,118.786,118.274,118.48,118.134,1
2015-02-17 07:00:00,118.46600000000001,119.416,118.236,119.242,118.18676,1
2015-02-18 07:00:00,119.242,119.417,118.546,118.786,118.24492000000002,1
2015-02-19 07:00:00,118.77600000000001,119.18,118.434,118.943,118.35612000000003,1
2015-02-20 07:00:00,118.943,119.19,118.302,119.01,118.41156000000005,1
2015-02-23 07:00:00,119.11200000000001,119.354,118.742,118.81299999999999,118.46176000000006,1
2015-02-24 07:00:00,118.796,119.84,118.765,118.98,118.46840000000006,1
2015-02-25 07:00:00,118.945,119.066,118.62899999999999,118.86,118.50464000000005,1
2015-02-26 07:00:00,118.835,119.50299999999999,118.68,119.41799999999999,118.54128000000006,1
2015-02-27 07:00:00,119.396,119.79799999999999,119.11399999999999,119.60600000000001,118.61352000000007,1
2015-03-02 07:00:00,119.726,120.19,119.63600000000001,120.132,118.68056000000006,1
2015-03-03 07:00:00,120.155,120.266,119.382,119.738,118.75552000000005,1
2015-03-04 07:00:00,119.71600000000001,119.82600000000001,119.471,119.68799999999999,118.84160000000006,1
2015-03-05 07:00:00,119.713,120.429,119.631,120.134,118.91532000000005,1
2015-03-06 07:00:00,120.134,121.285,119.90299999999999,120.82700000000001,119.04700000000007,1
2015-03-09 06:00:00,120.844,121.417,120.616,121.15,119.18908000000006,1
2015-03-10 06:00:00,121.15799999999999,122.03,120.92,121.146,119.33220000000007,1
2015-03-11 06:00:00,121.12100000000001,121.62799999999999,120.851,121.45299999999999,119.49984000000006,1
2015-03-12 06:00:00,121.45,121.67200000000001,120.65799999999999,121.28399999999999,119.65000000000005,1
2015-03-13 06:00:00,121.28399999999999,121.572,121.135,121.384,119.74000000000005,1
2015-03-16 06:00:00,121.384,121.465,121.09200000000001,121.34,119.84828000000007,1
2015-03-17 06:00:00,121.365,121.522,121.116,121.374,119.92632000000008,1
2015-03-18 06:00:00,121.376,121.414,119.295,120.118,119.91256000000007,0
2015-03-19 06:00:00,120.118,121.03200000000001,119.676,120.772,119.97908000000007,1
2015-03-20 06:00:00,120.807,121.205,119.9,120.07,120.02992000000008,1
2015-03-23 06:00:00,119.874,120.16799999999999,119.588,119.726,120.07976000000008,1
2015-03-24 06:00:00,119.711,119.984,119.22200000000001,119.75299999999999,120.10020000000007,1
2015-03-25 06:00:00,119.738,119.83,119.236,119.488,120.12828000000007,1
2015-03-26 06:00:00,119.488,119.57700000000001,118.33200000000001,119.19200000000001,120.13824000000005,1
2015-03-27 06:00:00,119.179,119.492,118.928,119.126,120.14288000000006,1
2015-03-30 06:00:00,119.23200000000001,120.23100000000001,119.12,120.072,120.19324000000006,1
2015-03-31 06:00:00,120.103,120.368,119.77799999999999,120.14200000000001,120.23972000000005,1
2015-04-01 06:00:00,120.10600000000001,120.333,119.42,119.751,120.27536000000005,1
2015-04-02 06:00:00,119.728,119.896,119.45200000000001,119.72399999999999,120.28760000000005,1
2015-04-03 06:00:00,119.734,119.98899999999999,118.721,118.992,120.26304000000006,0
2015-04-06 06:00:00,118.904,119.68700000000001,118.8,119.536,120.23920000000005,0
2015-04-07 06:00:00,119.51100000000001,120.448,119.439,120.266,120.26032000000006,1
2015-04-08 06:00:00,120.266,120.354,119.64399999999999,120.132,120.27808000000006,1
2015-04-09 06:00:00,120.14200000000001,120.74,119.86200000000001,120.57799999999999,120.29584000000006,1
2015-04-10 06:00:00,120.572,120.632,120.05799999999999,120.198,120.27068000000004,0
2015-04-13 06:00:00,120.344,120.84700000000001,119.7,120.13,120.22988000000005,0
2015-04-14 06:00:00,120.148,120.18,119.072,119.397,120.15992000000004,0
2015-04-15 06:00:00,119.39200000000001,119.74799999999999,118.79,119.13600000000001,120.06724000000004,0
2015-04-16 06:00:00,119.164,119.47,118.796,119.00299999999999,119.97600000000004,0
2015-04-17 06:00:00,119.01700000000001,119.26700000000001,118.572,118.919,119.87740000000004,0
2015-04-20 06:00:00,119.01,119.43700000000001,118.53200000000001,119.18799999999999,119.79132000000003,0
2015-04-21 06:00:00,119.2,119.834,119.166,119.67,119.72316000000005,0
2015-04-22 06:00:00,119.68299999999999,119.962,119.346,119.91,119.71484000000004,0
2015-04-23 06:00:00,119.91799999999999,120.09700000000001,119.428,119.584,119.66732000000003,0
2015-04-24 06:00:00,119.57700000000001,119.66,118.82600000000001,118.96600000000001,119.62316000000003,0
2015-04-27 06:00:00,118.89200000000001,119.436,118.77600000000001,119.04,119.59572000000001,0
2015-04-28 06:00:00,119.03,119.2,118.77600000000001,118.876,119.56064000000002,0
2015-04-29 06:00:00,118.846,119.36,118.611,119.01799999999999,119.54184000000004,0
2015-04-30 06:00:00,119.031,119.896,118.49700000000001,119.376,119.54920000000004,1
2015-05-01 06:00:00,119.382,120.291,119.375,120.21,119.59256000000003,1
2015-05-04 06:00:00,120.23,120.272,119.999,120.12200000000001,119.59456000000002,1
2015-05-05 06:00:00,120.116,120.50200000000001,119.727,119.86200000000001,119.58336000000003,0
2015-05-06 06:00:00,119.848,120.045,119.206,119.462,119.57180000000002,0
2015-05-07 06:00:00,119.447,119.86399999999999,119.057,119.742,119.57252000000003,1
2015-05-08 06:00:00,119.711,120.236,119.59,119.794,119.6046,1
2015-05-11 06:00:00,119.664,120.155,119.664,120.088,119.62668000000002,1
2015-05-12 06:00:00,120.104,120.28,119.78399999999999,119.869,119.61080000000001,0
2015-05-13 06:00:00,119.87,120.05799999999999,119.036,119.15,119.57152000000002,0
2015-05-14 06:00:00,119.14299999999999,119.34100000000001,118.887,119.17,119.51520000000002,0
2015-05-15 06:00:00,119.162,119.928,119.15799999999999,119.34899999999999,119.48124000000003,0
2015-05-18 06:00:00,119.302,120.038,119.264,119.984,119.47540000000002,0
2015-05-19 06:00:00,119.994,120.73899999999999,119.831,120.68700000000001,119.52700000000003,1
2015-05-20 06:00:00,120.68799999999999,121.478,120.58200000000001,121.36399999999999,119.61612000000002,1
2015-05-21 06:00:00,121.351,121.389,120.852,121.02600000000001,119.69704000000002,1
2015-05-22 06:00:00,121.04700000000001,121.572,120.64,121.53399999999999,119.80164000000002,1
2015-05-25 06:00:00,121.484,121.78,121.45200000000001,121.56,119.89652000000002,1
2015-05-26 06:00:00,121.554,123.324,121.514,123.12100000000001,120.03456000000001,1
2015-05-27 06:00:00,123.088,124.072,122.777,123.666,120.18480000000004,1
2015-05-28 06:00:00,123.648,124.461,123.499,123.954,120.35960000000004,1
2015-05-29 06:00:00,123.954,124.18700000000001,123.60799999999999,124.146,120.56680000000006,1
2015-06-01 06:00:00,124.086,124.91799999999999,123.854,124.786,120.79664000000007,1
2015-06-02 06:00:00,124.771,125.056,123.75,124.11399999999999,121.00616000000005,1
2015-06-03 06:00:00,124.132,124.685,123.79,124.228,121.21456000000006,1
2015-06-04 06:00:00,124.24600000000001,124.682,123.781,124.368,121.41424000000005,1
2015-06-05 06:00:00,124.36,125.85799999999999,124.353,125.59899999999999,121.62980000000005,1
2015-06-08 06:00:00,125.60600000000001,125.682,124.296,124.492,121.80460000000006,1
2015-06-09 06:00:00,124.51,124.738,123.861,124.348,121.98404000000006,1
2015-06-10 06:00:00,124.34,124.62200000000001,122.461,122.67399999999999,122.11252000000006,1
2015-06-11 06:00:00,122.67,124.163,122.632,123.42200000000001,122.25972000000006,1
2015-06-12 06:00:00,123.436,123.818,123.14,123.40700000000001,122.40424000000006,1
2015-06-15 06:00:00,123.22399999999999,123.662,123.13,123.39399999999999,122.53648000000004,1
2015-06-16 06:00:00,123.495,123.806,123.292,123.355,122.67592000000005,1
2015-06-17 06:00:00,123.374,124.459,123.212,123.44200000000001,122.84760000000004,1
2015-06-18 06:00:00,123.40100000000001,123.61,122.484,122.954,122.99896000000004,1
2015-06-19 06:00:00,122.97200000000001,123.21600000000001,122.56,122.709,123.13336000000002,1
2015-06-22 06:00:00,122.959,123.41799999999999,122.564,123.375,123.26900000000003,1
2015-06-23 06:00:00,123.37700000000001,124.184,123.346,123.94,123.39912000000004,1
2015-06-24 06:00:00,123.93,124.37700000000001,123.71799999999999,123.84899999999999,123.49852000000004,1
2015-06-25 06:00:00,123.869,123.959,123.322,123.62,123.60228000000005,1
2015-06-26 06:00:00,123.64,123.991,123.228,123.846,123.69476000000004,1
2015-06-29 06:00:00,122.72,123.194,122.11399999999999,122.54799999999999,123.73428000000004,1
2015-06-30 06:00:00,122.52799999999999,122.73,121.94,122.499,123.70940000000002,0
2015-07-01 06:00:00,122.512,123.235,122.36399999999999,123.171,123.68960000000001,0
2015-07-02 06:00:00,123.17,123.735,122.958,123.06200000000001,123.65392,0
2015-07-03 06:00:00,123.081,123.186,122.604,122.771,123.59891999999999,0
2015-07-06 06:00:00,121.934,122.928,121.868,122.573,123.51039999999999,0
2015-07-07 06:00:00,122.56,122.882,122.014,122.542,123.44751999999998,0
2015-07-08 06:00:00,122.57,122.575,120.414,120.7,123.30639999999998,0
2015-07-09 06:00:00,120.68799999999999,121.57700000000001,120.465,121.338,123.18519999999998,0
2015-07-10 06:00:00,121.339,122.882,121.279,122.79799999999999,123.07315999999997,0
2015-07-13 06:00:00,122.176,123.535,122.169,123.43,123.03067999999996,0
2015-07-14 06:00:00,123.416,123.73,122.92,123.385,122.99215999999997,0
2015-07-15 06:00:00,123.404,123.97200000000001,123.26299999999999,123.76799999999999,123.03591999999998,1
2015-07-16 06:00:00,123.75299999999999,124.18,123.74,124.146,123.06487999999997,1
2015-07-17 06:00:00,124.12899999999999,124.23,123.92,124.064,123.09115999999996,1
2015-07-20 06:00:00,124.031,124.384,124.007,124.28200000000001,123.12667999999998,1
2015-07-21 06:00:00,124.309,124.477,123.762,123.89,123.14807999999998,1
2015-07-22 06:00:00,123.867,124.152,123.572,123.97399999999999,123.16935999999998,1
2015-07-23 06:00:00,123.97399999999999,124.18799999999999,123.676,123.90899999999999,123.20755999999997,1
2015-07-24 06:00:00,123.88,124.098,123.59700000000001,123.8,123.25119999999998,1
2015-07-27 06:00:00,123.73100000000001,123.84,123.01100000000001,123.24600000000001,123.24604,0
2015-07-28 06:00:00,123.256,123.794,123.07799999999999,123.555,123.23063999999998,0
2015-07-29 06:00:00,123.568,124.02600000000001,123.331,123.941,123.23431999999997,1
2015-07-30 06:00:00,123.92200000000001,124.58200000000001,123.87799999999999,124.145,123.25531999999997,1
2015-07-31 06:00:00,124.146,124.37700000000001,123.51799999999999,123.859,123.25583999999998,1
2015-08-03 06:00:00,123.896,124.27600000000001,123.85600000000001,124.03200000000001,123.31519999999999,1
2015-08-04 06:00:00,124.022,124.406,123.802,124.38,123.39044,1
2015-08-05 06:00:00,124.366,125.01,124.02,124.868,123.45832,1
2015-08-06 06:00:00,124.855,124.965,124.542,124.74,123.52544,1
2015-08-07 06:00:00,124.72200000000001,125.066,124.102,124.22200000000001,123.58348,1
2015-08-10 06:00:00,124.16,124.78399999999999,124.148,124.62700000000001,123.66564,1
2015-08-11 06:00:00,124.57,125.208,124.522,125.124,123.76892,1
2015-08-12 06:00:00,125.15100000000001,125.28200000000001,123.791,124.21,123.90932000000001,1
2015-08-13 06:00:00,124.21799999999999,124.63,124.07,124.432,124.03307999999998,1
2015-08-14 06:00:00,124.434,124.536,124.056,124.333,124.09448,1
2015-08-17 06:00:00,124.292,124.574,124.22200000000001,124.38799999999999,124.1328,1
2015-08-18 06:00:00,124.38600000000001,124.516,124.186,124.41,124.17379999999999,1
2015-08-19 06:00:00,124.397,124.47,123.69,123.801,124.17511999999999,1
2015-08-20 06:00:00,123.792,124.15799999999999,123.33,123.404,124.14543999999998,0
2015-08-21 06:00:00,123.414,123.5,121.818,122.031,124.06411999999999,0
2015-08-24 06:00:00,121.902,122.036,116.165,118.429,123.82999999999998,0
2015-08-25 06:00:00,118.40299999999999,120.398,118.25299999999999,118.866,123.62903999999999,0
2015-08-26 06:00:00,118.866,120.01799999999999,118.45200000000001,119.902,123.46615999999999,0
2015-08-27 06:00:00,119.946,121.40100000000001,119.792,121.03200000000001,123.35107999999998,0
2015-08-28 06:00:00,121.03299999999999,121.756,120.65,121.73,123.26827999999998,0
2015-08-29 06:00:00,121.73,121.73,121.715,121.715,123.20703999999998,0
2015-08-31 06:00:00,121.675,121.675,120.882,121.22399999999999,123.1138,0
2015-09-01 06:00:00,121.22399999999999,121.26799999999999,119.25,119.38,122.93136,0
2015-09-02 06:00:00,119.322,120.47399999999999,119.221,120.331,122.7788,0
2015-09-03 06:00:00,120.34200000000001,120.7,119.64,120.059,122.62680000000002,0
2015-09-04 06:00:00,120.081,120.19,118.589,119.01799999999999,122.42624000000002,0
2015-09-07 06:00:00,118.92,119.59,118.801,119.27799999999999,122.22216,0
2015-09-08 06:00:00,119.272,120.23,118.852,119.815,122.02004000000001,0
2015-09-09 06:00:00,119.835,121.198,119.814,120.507,121.85072000000002,0
2015-09-10 06:00:00,120.493,121.354,119.979,120.63,121.70704000000002,0
2015-09-11 06:00:00,120.631,120.96799999999999,120.36399999999999,120.59,121.54556000000002,0
2015-09-14 06:00:00,120.55799999999999,120.844,119.85600000000001,120.235,121.35000000000004,0
2015-09-15 06:00:00,120.211,120.654,119.402,120.42200000000001,121.19848000000003,0
2015-09-16 06:00:00,120.434,120.727,120.109,120.56700000000001,121.04388000000004,0
2015-09-17 06:00:00,120.588,120.993,119.79799999999999,120.005,120.87076000000005,0
2015-09-18 06:00:00,120.021,120.416,119.057,119.986,120.69468000000005,0
2015-09-21 06:00:00,120.126,120.66,119.727,120.56,120.54068000000005,0
2015-09-22 06:00:00,120.55,120.617,119.694,120.162,120.39512000000005,0
2015-09-23 06:00:00,120.139,120.544,119.626,120.274,120.26992000000004,0
2015-09-24 06:00:00,120.257,120.39299999999999,119.226,120.06,120.19108000000004,0
2015-09-25 06:00:00,120.194,121.23700000000001,120.022,120.6,120.27792000000004,1
2015-09-28 06:00:00,120.53200000000001,120.596,119.698,119.92399999999999,120.32024000000003,1
2015-09-29 06:00:00,119.934,120.162,119.24799999999999,119.73899999999999,120.31372000000003,0
2015-09-30 06:00:00,119.71700000000001,120.35,119.551,119.87799999999999,120.26756000000003,0
2015-10-01 06:00:00,119.883,120.277,119.492,119.92399999999999,120.19532000000002,0
2015-10-02 06:00:00,119.936,120.40799999999999,118.68299999999999,119.904,120.12288000000002,0
2015-10-05 06:00:00,120.0,120.552,119.87299999999999,120.461,120.09236000000001,0
2015-10-06 06:00:00,120.484,120.57,120.11,120.23299999999999,120.12648000000002,1
2015-10-07 06:00:00,120.214,120.36,119.74700000000001,120.012,120.11372000000001,0
2015-10-08 06:00:00,120.006,120.11200000000001,119.62799999999999,119.934,120.10872,0
2015-10-09 06:00:00,119.915,120.34700000000001,119.838,120.223,120.15692000000001,1
2015-10-12 06:00:00,120.18799999999999,120.26100000000001,119.89299999999999,120.04,120.18740000000001,1
2015-10-13 06:00:00,120.02799999999999,120.08200000000001,119.554,119.742,120.18448000000002,0
2015-10-14 06:00:00,119.73200000000001,119.804,118.63,118.831,120.11744000000003,0
2015-10-15 06:00:00,118.825,119.17,118.066,118.898,120.04816000000002,0
2015-10-16 06:00:00,118.906,119.661,118.83200000000001,119.45,120.00256000000002,0
2015-10-19 06:00:00,119.402,119.61200000000001,119.14,119.5,119.97316000000001,0
2015-10-20 06:00:00,119.49600000000001,119.964,119.414,119.844,119.95004,0
2015-10-21 06:00:00,119.838,120.094,119.756,119.932,119.92464,0
2015-10-22 06:00:00,119.913,120.772,119.61399999999999,120.69200000000001,119.95212,1
2015-10-23 06:00:00,120.708,121.48200000000001,120.228,121.46700000000001,120.01136000000001,1
2015-10-26 06:00:00,121.42399999999999,121.51,120.6,121.096,120.03280000000001,1
2015-10-27 06:00:00,121.096,121.096,120.162,120.456,120.04456000000002,1
2015-10-28 06:00:00,120.44200000000001,121.26100000000001,120.029,121.09,120.07720000000003,1
2015-10-29 06:00:00,121.105,121.184,120.588,121.12,120.11960000000003,1
2015-10-30 06:00:00,121.111,121.486,120.28200000000001,120.61200000000001,120.12008000000003,1
2015-11-02 07:00:00,120.391,120.814,120.258,120.755,120.15332000000004,1
2015-11-03 07:00:00,120.766,121.23200000000001,120.598,121.074,120.20672000000005,1
2015-11-04 07:00:00,121.081,121.72,121.00399999999999,121.55,120.27360000000004,1
2015-11-05 07:00:00,121.58,122.0,121.38799999999999,121.75,120.34664000000004,1
2015-11-06 07:00:00,121.757,123.26799999999999,121.634,123.15799999999999,120.47680000000004,1
2015-11-09 07:00:00,123.281,123.60600000000001,122.978,123.17399999999999,120.58532000000005,1
2015-11-10 07:00:00,123.185,123.44,123.03,123.166,120.70264000000005,1
2015-11-11 07:00:00,123.17200000000001,123.226,122.736,122.85799999999999,120.81648000000004,1
2015-11-12 07:00:00,122.85,123.072,122.556,122.616,120.92376000000004,1
2015-11-13 07:00:00,122.59899999999999,122.988,122.427,122.60600000000001,121.01908000000005,1
2015-11-16 07:00:00,122.26799999999999,123.281,122.226,123.175,121.14448000000006,1
2015-11-17 07:00:00,123.18700000000001,123.491,123.17399999999999,123.44200000000001,121.29248000000005,1
2015-11-18 07:00:00,123.435,123.76,123.22,123.64,121.48484000000003,1
2015-11-19 07:00:00,123.65100000000001,123.65100000000001,122.62200000000001,122.865,121.64352000000002,1
2015-11-20 07:00:00,122.85600000000001,123.053,122.725,122.79299999999999,121.77724000000003,1
2015-11-23 07:00:00,122.84,123.262,122.78399999999999,122.84,121.91084000000005,1
2015-11-24 07:00:00,122.846,122.962,122.31,122.536,122.01852000000004,1
2015-11-25 07:00:00,122.554,122.936,122.26,122.708,122.12956000000005,1
2015-11-26 07:00:00,122.676,122.766,122.50299999999999,122.588,122.20540000000007,1
2015-11-27 07:00:00,122.641,122.88,122.305,122.77799999999999,122.25784000000004,1
2015-11-30 07:00:00,122.816,123.34100000000001,122.69,123.115,122.33860000000004,1
2015-12-01 07:00:00,123.052,123.274,122.641,122.88,122.43556000000004,1
2015-12-02 07:00:00,122.85700000000001,123.67,122.82799999999999,123.24600000000001,122.52180000000004,1
2015-12-03 07:00:00,123.262,123.56200000000001,122.296,122.609,122.58136000000005,1
2015-12-04 07:00:00,122.596,123.37700000000001,122.478,123.118,122.68160000000003,1
2015-12-07 07:00:00,123.178,123.477,123.155,123.37,122.78620000000002,1
2015-12-08 07:00:00,123.39,123.39399999999999,122.72200000000001,122.931,122.86048000000002,1
2015-12-09 07:00:00,122.91,123.045,121.074,121.44,122.85608000000002,0
2015-12-10 07:00:00,121.455,121.866,121.24600000000001,121.566,122.84872000000001,0
2015-12-11 07:00:00,121.598,122.23200000000001,120.58200000000001,120.98200000000001,122.76168000000001,0
2015-12-14 07:00:00,121.165,121.352,120.344,121.038,122.67624000000002,0
2015-12-15 07:00:00,121.054,121.79299999999999,120.57799999999999,121.676,122.61664,0
2015-12-16 07:00:00,121.691,122.432,121.384,122.208,122.59064000000001,0
2015-12-17 07:00:00,122.236,122.87700000000001,122.198,122.56,122.58840000000001,0
2015-12-18 07:00:00,122.551,123.566,121.06,121.163,122.53067999999999,0
2015-12-21 07:00:00,121.234,121.507,120.84299999999999,121.184,122.45103999999999,0
2015-12-22 07:00:00,121.204,121.30799999999999,120.726,121.07,122.35616,0
2015-12-23 07:00:00,121.05799999999999,121.137,120.814,120.91799999999999,122.24728,0
2015-12-24 07:00:00,120.93,120.98200000000001,120.25,120.28299999999999,122.14400000000002,0
2015-12-28 07:00:00,120.28200000000001,120.62799999999999,120.167,120.39299999999999,122.04800000000002,0
2015-12-29 07:00:00,120.404,120.508,120.236,120.46,121.95280000000001,0
2015-12-30 07:00:00,120.45,120.656,120.352,120.53399999999999,121.87272000000002,0
2015-12-31 07:00:00,120.51100000000001,120.58,120.00399999999999,120.209,121.77276,0
2016-01-04 07:00:00,120.195,120.464,118.704,119.445,121.64704,0
2016-01-05 07:00:00,119.456,119.70100000000001,118.794,119.06299999999999,121.49844000000002,0
2016-01-06 07:00:00,119.065,119.17200000000001,118.25,118.475,121.31284000000001,0
2016-01-07 07:00:00,118.47200000000001,118.757,117.32799999999999,117.67,121.10444000000001,0
2016-01-08 07:00:00,117.65700000000001,118.852,117.227,117.238,120.86412,0
2016-01-11 07:00:00,117.23100000000001,118.024,116.7,117.76100000000001,120.67020000000001,0
2016-01-12 07:00:00,117.772,118.073,117.226,117.64299999999999,120.45120000000001,0
2016-01-13 07:00:00,117.67,118.382,117.64200000000001,117.666,120.22304000000003,0
2016-01-14 07:00:00,117.65,118.28399999999999,117.294,118.065,120.02840000000002,0
2016-01-15 07:00:00,118.066,118.272,116.509,117.01299999999999,119.85132000000002,0
2016-01-18 07:00:00,116.71700000000001,117.44,116.7,117.344,119.68244000000003,0
2016-01-19 07:00:00,117.34,118.11399999999999,117.236,117.634,119.54852000000002,0
2016-01-20 07:00:00,117.648,117.69200000000001,115.97,116.947,119.38488000000002,0
2016-01-21 07:00:00,116.93,117.814,116.47200000000001,117.696,119.22568000000003,0
2016-01-22 07:00:00,117.779,118.881,117.55,118.775,119.08836000000002,0
2016-01-25 07:00:00,118.677,118.85600000000001,118.17200000000001,118.296,118.91780000000003,0
2016-01-26 07:00:00,118.306,118.62299999999999,117.656,118.42299999999999,118.80820000000001,0
2016-01-27 07:00:00,118.434,119.069,118.042,118.68,118.70804,0
2016-01-28 07:00:00,118.65799999999999,118.993,118.414,118.818,118.61796,0
2016-01-29 07:00:00,118.80799999999999,121.69,118.43799999999999,121.134,118.6266,1
2016-02-01 07:00:00,121.32799999999999,121.48899999999999,120.68,120.992,118.65496000000002,1
2016-02-02 07:00:00,121.023,121.041,119.838,119.962,118.63772,0
2016-02-03 07:00:00,119.96,120.04299999999999,117.054,117.881,118.53456,0
2016-02-04 07:00:00,117.904,118.242,116.52799999999999,116.777,118.38428,0
2016-02-05 07:00:00,116.787,117.432,116.288,116.867,118.25060000000002,0
2016-02-08 07:00:00,116.822,117.527,115.176,115.84700000000001,118.10668000000001,0
2016-02-09 07:00:00,115.85700000000001,115.85700000000001,114.20700000000001,115.124,117.94912000000001,0
2016-02-10 07:00:00,115.134,115.262,113.12299999999999,113.34200000000001,117.74380000000001,0
2016-02-11 07:00:00,113.38799999999999,113.6,110.98200000000001,112.43,117.5342,0
2016-02-12 07:00:00,112.40100000000001,113.54,111.654,113.225,117.37368000000001,0
2016-02-15 07:00:00,113.38,114.73200000000001,113.272,114.598,117.24716000000001,0
2016-02-16 07:00:00,114.59200000000001,114.876,113.595,114.084,117.1048,0
2016-02-17 07:00:00,114.094,114.507,113.37799999999999,114.09,116.96176,0
2016-02-18 07:00:00,114.10600000000001,114.324,113.14399999999999,113.25299999999999,116.76928,0
2016-02-19 07:00:00,113.266,113.376,112.30799999999999,112.57600000000001,116.5918,0
2016-02-22 07:00:00,112.565,113.387,112.429,112.92200000000001,116.41492,0
2016-02-23 07:00:00,112.87100000000001,113.054,111.774,112.10600000000001,116.19380000000001,0
2016-02-24 07:00:00,112.094,112.26799999999999,111.041,112.17399999999999,116.00288,0
2016-02-25 07:00:00,112.154,113.02600000000001,111.9,112.988,115.81456,0
2016-02-26 07:00:00,112.97,113.99,112.56200000000001,113.98299999999999,115.62288000000001,0
2016-02-29 07:00:00,113.964,113.98899999999999,112.656,112.7,115.39904,0
2016-03-01 07:00:00,112.679,114.184,112.16,114.00299999999999,115.22224000000001,0
2016-03-02 07:00:00,114.04,114.556,113.21799999999999,113.47,115.01384000000002,0
2016-03-03 07:00:00,113.469,114.26799999999999,113.29799999999999,113.694,114.80888,0
2016-03-04 07:00:00,113.678,114.258,113.124,113.773,114.51444000000001,0
2016-03-07 07:00:00,113.932,113.954,113.226,113.456,114.21300000000001,0
2016-03-08 07:00:00,113.429,113.52,112.426,112.62799999999999,113.91964000000002,0
2016-03-09 07:00:00,112.648,113.454,112.228,113.34,113.73800000000003,0
2016-03-10 07:00:00,113.363,114.448,112.61,113.214,113.59548000000002,0
2016-03-11 07:00:00,113.185,113.91799999999999,112.758,113.84200000000001,113.47448000000003,0
2016-03-14 06:00:00,113.959,114.009,113.509,113.818,113.39332000000002,0
2016-03-15 06:00:00,113.806,114.15,112.634,113.176,113.31540000000003,0
2016-03-16 06:00:00,113.141,113.81700000000001,112.334,112.568,113.28444000000003,0
2016-03-17 06:00:00,112.595,112.958,110.66799999999999,111.4,113.24324000000004,0
2016-03-18 06:00:00,111.41,111.762,110.824,111.554,113.17640000000004,0
2016-03-21 06:00:00,111.552,111.976,111.223,111.95,113.07048000000005,0
2016-03-22 06:00:00,111.96,112.492,111.37899999999999,112.36200000000001,113.00160000000005,0
2016-03-23 06:00:00,112.323,112.906,112.14200000000001,112.381,112.93324000000004,0
2016-03-24 06:00:00,112.368,113.008,112.296,112.896,112.91896000000004,0
2016-03-25 06:00:00,112.883,113.324,112.756,113.09200000000001,112.93960000000004,1
2016-03-28 06:00:00,113.195,113.68799999999999,113.12,113.444,112.96048000000005,1
2016-03-29 06:00:00,113.46,113.806,112.61399999999999,112.73,112.98544000000004,1
2016-03-30 06:00:00,112.67399999999999,112.81,112.01899999999999,112.44,112.99608000000003,1
2016-03-31 06:00:00,112.42,112.66,112.11,112.57799999999999,112.97968000000004,0
2016-04-01 06:00:00,112.566,112.584,111.586,111.727,112.88944000000004,0
2016-04-04 06:00:00,111.625,111.803,111.1,111.33,112.83464000000004,0
2016-04-05 06:00:00,111.307,111.354,109.944,110.352,112.68860000000002,0
2016-04-06 06:00:00,110.33200000000001,110.646,109.34700000000001,109.787,112.54128000000003,0
2016-04-07 06:00:00,109.803,109.91,107.66799999999999,108.208,112.32184000000002,0
2016-04-08 06:00:00,108.238,109.09899999999999,108.036,108.07799999999999,112.09404000000002,0
2016-04-11 06:00:00,107.979,108.44200000000001,107.631,107.95,111.87380000000002,0
2016-04-12 06:00:00,107.93799999999999,108.788,107.874,108.542,111.71036,0
2016-04-13 06:00:00,108.53200000000001,109.40700000000001,108.508,109.34,111.55036,0
2016-04-14 06:00:00,109.33,109.546,108.898,109.39200000000001,111.39748,0
2016-04-15 06:00:00,109.406,109.736,108.603,108.74799999999999,111.19372,0
2016-04-18 06:00:00,108.186,108.988,107.838,108.825,110.99399999999997,0
2016-04-19 06:00:00,108.822,109.48899999999999,108.751,109.22,110.83575999999998,0
2016-04-20 06:00:00,109.194,109.88,108.764,109.846,110.72687999999997,0
2016-04-21 06:00:00,109.837,109.897,109.325,109.463,110.64939999999997,0
2016-04-22 06:00:00,109.45700000000001,111.816,109.26,111.779,110.65839999999997,1
2016-04-25 06:00:00,111.854,111.896,110.84100000000001,111.198,110.62831999999997,0
2016-04-26 06:00:00,111.22,111.47399999999999,110.671,111.30799999999999,110.58615999999996,0
2016-04-27 06:00:00,111.318,111.758,111.03,111.455,110.54911999999996,0
2016-04-28 06:00:00,111.456,111.884,107.867,108.101,110.35731999999996,0
2016-04-29 06:00:00,108.12,108.204,106.28200000000001,106.34,110.08723999999997,0
2016-05-02 06:00:00,106.221,106.82,106.139,106.411,109.80591999999997,0
2016-05-03 06:00:00,106.42200000000001,106.682,105.552,106.603,109.56083999999997,0
2016-05-04 06:00:00,106.618,107.47399999999999,106.24799999999999,107.01100000000001,109.34367999999996,0
2016-05-05 06:00:00,107.027,107.5,106.802,107.258,109.13087999999996,0
2016-05-06 06:00:00,107.26299999999999,107.42,106.44,107.12200000000001,108.94667999999996,0
2016-05-09 06:00:00,107.072,108.60799999999999,107.072,108.32799999999999,108.82659999999996,0
2016-05-10 06:00:00,108.338,109.35,108.27600000000001,109.266,108.78315999999997,0
2016-05-11 06:00:00,109.265,109.376,108.37,108.429,108.72883999999998,0
2016-05-12 06:00:00,108.416,109.395,108.228,109.014,108.76107999999998,1
2016-05-13 06:00:00,109.02600000000001,109.561,108.51700000000001,108.645,108.78375999999999,1
2016-05-16 06:00:00,108.656,109.09700000000001,108.46600000000001,109.02600000000001,108.82679999999999,1
2016-05-17 06:00:00,109.02,109.654,108.84,109.14200000000001,108.85079999999998,1
2016-05-18 06:00:00,109.13,110.258,108.72200000000001,110.196,108.88503999999998,1
2016-05-19 06:00:00,110.169,110.38600000000001,109.7,109.958,108.90767999999998,1
2016-05-20 06:00:00,109.98,110.589,109.85,110.115,108.96235999999998,1
2016-05-23 06:00:00,110.13600000000001,110.24,109.111,109.23299999999999,108.97867999999998,1
2016-05-24 06:00:00,109.24799999999999,110.131,109.17200000000001,109.991,109.00952,1
2016-05-25 06:00:00,109.96600000000001,110.448,109.866,110.206,109.02392,1
2016-05-26 06:00:00,110.18799999999999,110.23,109.41799999999999,109.76799999999999,109.03612,1
2016-05-27 06:00:00,109.74600000000001,110.448,109.476,110.28299999999999,108.97627999999999,0
2016-05-30 06:00:00,110.40899999999999,111.448,110.366,111.11399999999999,108.97291999999999,0
2016-05-31 06:00:00,111.14200000000001,111.352,110.50399999999999,110.734,108.94995999999999,0
2016-06-01 06:00:00,110.68700000000001,110.834,109.055,109.538,108.87328,0
2016-06-02 06:00:00,109.557,109.589,108.52600000000001,108.875,108.90423999999999,1
2016-06-03 06:00:00,108.85600000000001,109.13600000000001,106.512,106.52600000000001,108.91167999999998,1
2016-06-06 06:00:00,106.589,107.65799999999999,106.375,107.551,108.95727999999997,1
2016-06-07 06:00:00,107.574,107.906,107.152,107.37700000000001,108.98823999999996,1
2016-06-08 06:00:00,107.35799999999999,107.395,106.587,106.98899999999999,108.98735999999997,0
2016-06-09 06:00:00,106.984,107.178,106.256,107.11399999999999,108.98159999999999,0
2016-06-10 06:00:00,107.07600000000001,107.262,106.557,106.95700000000001,108.97499999999998,0
2016-06-13 06:00:00,106.855,106.87200000000001,105.736,106.255,108.89207999999999,0
2016-06-14 06:00:00,106.212,106.42399999999999,105.62899999999999,106.113,108.76595999999998,0
2016-06-15 06:00:00,106.11200000000001,106.396,105.435,106.00399999999999,108.66895999999997,0
2016-06-16 06:00:00,106.006,106.03200000000001,103.54899999999999,104.255,108.47859999999997,0
2016-06-17 06:00:00,104.23899999999999,104.83,104.08200000000001,104.131,108.29803999999996,0
2016-06-20 06:00:00,104.706,104.848,103.78299999999999,103.93799999999999,108.09451999999997,0
2016-06-21 06:00:00,103.919,105.059,103.583,104.762,107.91931999999998,0
2016-06-22 06:00:00,104.743,104.854,104.314,104.41799999999999,107.6882,0
2016-06-23 06:00:00,104.458,106.175,104.014,106.17200000000001,107.53676,0
2016-06-24 06:00:00,106.15,106.84200000000001,98.98700000000001,102.2,107.22015999999999,0
2016-06-27 06:00:00,101.54299999999999,102.48200000000001,101.4,102.00299999999999,106.93096,0
2016-06-28 06:00:00,101.971,102.84200000000001,101.55799999999999,102.75399999999999,106.64147999999999,0
2016-06-29 06:00:00,102.75299999999999,102.93799999999999,102.176,102.819,106.34599999999999,0
2016-06-30 06:00:00,102.84299999999999,103.29299999999999,102.365,103.19,106.08287999999999,0
2016-07-01 06:00:00,103.227,103.398,102.44,102.521,105.7724,0
2016-07-04 06:00:00,102.62799999999999,102.803,102.42399999999999,102.551,105.42988,0
2016-07-05 06:00:00,102.52600000000001,102.594,101.45100000000001,101.736,105.06996,0
2016-07-06 06:00:00,101.719,101.771,100.2,101.31200000000001,104.74091999999999,0
2016-07-07 06:00:00,101.32600000000001,101.404,100.596,100.77600000000001,104.41695999999997,0
2016-07-08 06:00:00,100.74600000000001,101.296,99.99600000000001,100.561,104.17836,0
2016-07-11 06:00:00,100.633,102.89399999999999,100.538,102.806,103.98855999999999,0
2016-07-12 06:00:00,102.809,104.986,102.45,104.689,103.88104,0
2016-07-13 06:00:00,104.706,104.88,103.906,104.48200000000001,103.78075999999999,0
2016-07-14 06:00:00,104.414,105.93799999999999,103.975,105.34700000000001,103.71008,0
2016-07-15 06:00:00,105.336,106.32,104.637,104.85799999999999,103.62612000000001,0
2016-07-18 06:00:00,105.352,106.264,105.273,106.15799999999999,103.62224,0
2016-07-19 06:00:00,106.166,106.535,105.647,106.125,103.62272000000002,1
2016-07-20 06:00:00,106.109,107.021,105.831,106.876,103.65760000000002,1
2016-07-21 06:00:00,106.89299999999999,107.49600000000001,105.417,105.81200000000001,103.71988000000002,1
2016-07-22 06:00:00,105.85799999999999,106.402,105.568,106.115,103.79924000000001,1
2016-07-25 06:00:00,106.13799999999999,106.72399999999999,105.742,105.81,103.87412,1
2016-07-26 06:00:00,105.818,105.898,103.994,104.63,103.86884,0
2016-07-27 06:00:00,104.669,106.54799999999999,104.631,105.39200000000001,103.9078,1
2016-07-28 06:00:00,105.40799999999999,105.50399999999999,104.476,105.262,103.8714,0
2016-07-29 06:00:00,105.281,105.65,101.97200000000001,102.068,103.86612000000001,0
2016-08-01 06:00:00,102.331,102.68700000000001,102.005,102.39299999999999,103.88172,1
2016-08-02 06:00:00,102.42200000000001,102.83200000000001,100.68,100.89,103.80716000000001,0
2016-08-03 06:00:00,100.87799999999999,101.572,100.75,101.24,103.744,0
2016-08-04 06:00:00,101.22200000000001,101.66799999999999,100.865,101.223,103.66532,0
2016-08-05 06:00:00,101.21,102.065,100.876,101.82,103.63727999999999,0
2016-08-08 06:00:00,101.994,102.656,101.87200000000001,102.45100000000001,103.63328,0
2016-08-09 06:00:00,102.405,102.53200000000001,101.79,101.882,103.63912,1
2016-08-10 06:00:00,101.87100000000001,101.958,100.969,101.28399999999999,103.638,0
2016-08-11 06:00:00,101.27,102.056,101.02600000000001,101.964,103.68552000000001,1
2016-08-12 06:00:00,101.96799999999999,102.27,100.83200000000001,101.303,103.71520000000001,1
2016-08-15 06:00:00,101.185,101.454,100.87200000000001,101.25299999999999,103.65308,0
2016-08-16 06:00:00,101.266,101.292,99.544,100.30799999999999,103.47784000000001,0
2016-08-17 06:00:00,100.28299999999999,101.16799999999999,100.039,100.26899999999999,103.30932000000001,0
2016-08-18 06:00:00,100.258,100.51100000000001,99.647,99.882,103.09072,0
2016-08-19 06:00:00,99.896,100.462,99.876,100.22,102.90519999999998,0
2016-08-22 06:00:00,100.78200000000001,100.934,100.214,100.324,102.67183999999999,0
2016-08-23 06:00:00,100.315,100.39299999999999,99.94200000000001,100.243,102.43655999999999,0
2016-08-24 06:00:00,100.25,100.61,100.096,100.45,102.17951999999997,0
2016-08-25 06:00:00,100.443,100.62,100.306,100.53200000000001,101.96831999999999,0
2016-08-26 06:00:00,100.545,101.948,100.064,101.82600000000001,101.79675999999999,0
2016-08-29 06:00:00,102.08,102.39399999999999,101.838,101.919,101.64111999999999,0
2016-08-30 06:00:00,101.926,103.13799999999999,101.75399999999999,102.965,101.57451999999999,0
2016-08-31 06:00:00,102.98,103.53200000000001,102.859,103.42200000000001,101.49572,0
2016-09-01 06:00:00,103.44200000000001,103.99799999999999,103.06299999999999,103.23100000000001,101.41448,0
2016-09-02 06:00:00,103.24600000000001,104.322,102.804,103.94200000000001,101.48944,1
2016-09-05 06:00:00,104.101,104.13799999999999,103.148,103.435,101.53111999999999,1
2016-09-06 06:00:00,103.416,103.807,101.93,102.02,101.57632,1
2016-09-07 06:00:00,102.04799999999999,102.134,101.198,101.742,101.59640000000002,1
2016-09-08 06:00:00,101.734,102.601,101.415,102.486,101.64692000000001,1
2016-09-09 06:00:00,102.43,103.06,101.96600000000001,102.695,101.68192,1
2016-09-12 06:00:00,102.57600000000001,102.67,101.561,101.84200000000001,101.65756000000002,0
2016-09-13 06:00:00,101.85799999999999,102.74799999999999,101.42,102.553,101.68440000000001,1
2016-09-14 06:00:00,102.587,103.35799999999999,102.25,102.428,101.73016,1
2016-09-15 06:00:00,102.416,102.76,101.936,102.088,101.73512000000001,1
2016-09-16 06:00:00,102.057,102.464,101.74,102.258,101.77332,1
2016-09-19 06:00:00,102.15,102.42,101.58200000000001,101.92,101.8,1
2016-09-20 06:00:00,101.90799999999999,102.06299999999999,101.536,101.71600000000001,101.85632,1
2016-09-21 06:00:00,101.694,102.786,100.303,100.325,101.85856,1
2016-09-22 06:00:00,100.335,100.931,100.09700000000001,100.764,101.89384,1
2016-09-23 06:00:00,100.75,101.25,100.678,101.0,101.92504000000001,1
2016-09-26 06:00:00,101.027,101.09100000000001,100.24799999999999,100.336,101.92551999999999,1
2016-09-27 06:00:00,100.314,100.986,100.085,100.43,101.93299999999999,1
2016-09-28 06:00:00,100.416,100.819,100.26,100.69,101.9426,1
2016-09-29 06:00:00,100.676,101.84200000000001,100.654,101.041,101.96296000000001,1
2016-09-30 06:00:00,101.022,101.78399999999999,100.749,101.353,101.94404,0
2016-10-03 06:00:00,101.23299999999999,101.682,101.18799999999999,101.65,101.93328000000001,0
2016-10-04 06:00:00,101.639,102.96799999999999,101.574,102.904,101.93084,0
2016-10-05 06:00:00,102.883,103.67,102.67,103.49600000000001,101.9338,1
2016-10-06 06:00:00,103.529,104.164,103.34899999999999,103.955,101.96276,1
2016-10-07 06:00:00,103.984,104.03200000000001,102.86,102.90799999999999,101.92139999999999,0
2016-10-10 06:00:00,103.29799999999999,103.79,102.81,103.613,101.92851999999999,1
2016-10-11 06:00:00,103.64299999999999,104.074,103.17399999999999,103.512,101.98819999999999,1
2016-10-12 06:00:00,103.49600000000001,104.48200000000001,103.28200000000001,104.206,102.08676,1
2016-10-13 06:00:00,104.262,104.634,103.336,103.697,102.1352,1
2016-10-14 06:00:00,103.696,104.478,103.611,104.166,102.19404,1
2016-10-17 06:00:00,104.359,104.37799999999999,103.788,103.884,102.27572,1
2016-10-18 06:00:00,103.898,104.20200000000001,103.682,103.86200000000001,102.32808000000001,1
2016-10-19 06:00:00,103.84899999999999,103.95,103.166,103.448,102.36888,1
2016-10-20 06:00:00,103.458,104.10600000000001,103.344,103.954,102.44352,1
2016-10-21 06:00:00,103.946,104.205,103.523,103.83200000000001,102.50648000000001,1
2016-10-24 06:00:00,103.838,104.322,103.72200000000001,104.182,102.59696,1
2016-10-25 06:00:00,104.146,104.874,104.11399999999999,104.22399999999999,102.69728,1
2016-10-26 06:00:00,104.23200000000001,104.62,104.023,104.478,102.86340000000001,1
2016-10-27 06:00:00,104.46,105.35,104.296,105.28399999999999,103.04420000000002,1
2016-10-28 06:00:00,105.27600000000001,105.53399999999999,104.46,104.72399999999999,103.19316000000002,1
2016-10-31 06:00:00,104.435,105.23100000000001,104.42,104.824,103.37268000000003,1
2016-11-01 06:00:00,104.835,105.117,103.79899999999999,104.152,103.52156000000005,1
2016-11-02 06:00:00,104.14,104.166,103.02,103.306,103.62620000000004,1
2016-11-03 06:00:00,103.307,103.443,102.54700000000001,102.978,103.70368000000003,1
2016-11-04 06:00:00,102.999,103.354,102.834,103.126,103.77460000000005,1
2016-11-07 07:00:00,104.101,104.63,103.779,104.476,103.88764000000005,1
2016-11-08 07:00:00,104.462,105.194,104.29700000000001,105.176,103.97852000000005,1
2016-11-09 07:00:00,105.178,105.89,101.193,105.65799999999999,104.06500000000004,1
2016-11-10 07:00:00,105.685,106.949,104.96,106.816,104.17944000000003,1
2016-11-11 07:00:00,106.796,106.934,106.03200000000001,106.68299999999999,104.33044000000004,1
2016-11-14 07:00:00,106.882,108.54299999999999,106.736,108.42299999999999,104.52284000000003,1
2016-11-15 07:00:00,108.40799999999999,109.338,107.77,109.196,104.75020000000002,1
2016-11-16 07:00:00,109.184,109.757,108.79299999999999,109.07600000000001,104.94500000000002,1
2016-11-17 07:00:00,109.085,110.18700000000001,108.552,110.137,105.20260000000002,1
2016-11-18 07:00:00,110.16,110.954,109.802,110.911,105.47240000000002,1
2016-11-21 07:00:00,110.904,111.366,110.459,110.83,105.75024000000002,1
2016-11-22 07:00:00,110.795,111.35799999999999,110.26799999999999,111.152,106.04184000000001,1
2016-11-23 07:00:00,111.156,112.978,110.855,112.52600000000001,106.40496000000002,1
2016-11-24 07:00:00,112.539,113.53399999999999,112.37200000000001,113.32799999999999,106.77992,1
2016-11-25 07:00:00,113.324,113.9,112.556,113.25299999999999,107.15676000000002,1
2016-11-28 07:00:00,112.816,112.976,111.36,111.92200000000001,107.46636000000002,1
2016-11-29 07:00:00,111.964,113.34,111.62,112.39,107.793,1
2016-11-30 07:00:00,112.376,114.544,112.05799999999999,114.462,108.19236000000001,1
2016-12-01 07:00:00,114.428,114.82600000000001,113.83,114.096,108.54484000000001,1
2016-12-02 07:00:00,114.12200000000001,114.20700000000001,113.33,113.515,108.89648,1
2016-12-05 07:00:00,113.32,114.777,112.876,113.852,109.25759999999998,1
2016-12-06 07:00:00,113.84100000000001,114.18799999999999,113.50399999999999,114.01799999999999,109.65223999999998,1
2016-12-07 07:00:00,114.029,114.404,113.416,113.76,110.07039999999999,1
2016-12-08 07:00:00,113.805,114.37799999999999,113.12,114.03,110.51248,1
2016-12-09 07:00:00,114.03,115.368,114.012,115.32,111.00023999999999,1
2016-12-12 07:00:00,115.40799999999999,116.124,114.85600000000001,115.024,111.42215999999999,1
2016-12-13 07:00:00,115.014,115.477,114.73700000000001,115.18799999999999,111.82263999999999,1
2016-12-14 07:00:00,115.18,117.398,114.772,117.04299999999999,112.27804,1
2016-12-15 07:00:00,117.056,118.666,117.015,118.18,112.7326,1
2016-12-16 07:00:00,118.20700000000001,118.428,117.46700000000001,117.913,113.18180000000001,1
2016-12-19 07:00:00,117.964,117.96600000000001,116.55,117.09700000000001,113.52876000000002,1
2016-12-20 07:00:00,117.098,118.244,116.988,117.86399999999999,113.87548000000002,1
2016-12-21 07:00:00,117.868,118.07,117.109,117.557,114.21472000000001,1
2016-12-22 07:00:00,117.546,117.88,117.27,117.54,114.51084,1
2016-12-23 07:00:00,117.535,117.62299999999999,117.17299999999999,117.333,114.76772000000001,1
2016-12-27 07:00:00,117.09100000000001,117.62,117.09100000000001,117.42,115.03132000000001,1
2016-12-28 07:00:00,117.43799999999999,117.814,117.056,117.26100000000001,115.27568000000001,1
2016-12-29 07:00:00,117.14,117.21600000000001,116.23200000000001,116.536,115.43608000000002,1
2016-12-30 07:00:00,116.571,117.198,116.04799999999999,117.01700000000001,115.58364000000002,1
